{"batch_loss": [[0, 0.040727466344833374], [0, 0.03079301118850708], [0, 0.021909620612859726], [0, 0.014876512810587883], [0, 0.009185317903757095], [0, 0.006464485079050064], [0, 0.006383858155459166], [0, 0.008165085688233376], [0, 0.00713597796857357], [0, 0.006302086636424065], [0, 0.005029131192713976], [0, 0.005231496877968311], [0, 0.005218712612986565], [0, 0.005065598990768194], [0, 0.005028669256716967], [0, 0.004608896095305681], [0, 0.004777184221893549], [0, 0.004430144093930721], [0, 0.004353766329586506], [0, 0.004670450463891029], [0, 0.0040160310454666615], [0, 0.004204948898404837], [0, 0.0038557425141334534], [0, 0.004277586005628109], [0, 0.003584708087146282], [0, 0.0036440936382859945], [0, 0.00424236198887229], [0, 0.0036564210895448923], [0, 0.0041203065775334835], [0, 0.003590937238186598], [0, 0.0038122967816889286], [0, 0.004055636003613472], [0, 0.003763653803616762], [0, 0.003648968879133463], [0, 0.0037079029716551304], [0, 0.0037528560496866703], [0, 0.0036371778696775436], [0, 0.003025590907782316], [0, 0.003440892556682229], [0, 0.0031675146892666817], [0, 0.003397229593247175], [0, 0.003141586435958743], [0, 0.003097950015217066], [0, 0.003248736262321472], [0, 0.0032856084872037172], [0, 0.0033041585702449083], [0, 0.0032117883674800396], [0, 0.0025728074833750725], [0, 0.0034917646553367376], [0, 0.0030915962997823954], [0, 0.0027438378892838955], [0, 0.003465973772108555], [0, 0.002602300373837352], [0, 0.0032340064644813538], [0, 0.0033211184199899435], [0, 0.003074473701417446], [0, 0.0031988697592169046], [0, 0.003425074741244316], [0, 0.003235745709389448], [0, 0.003297718008980155], [0, 0.0026200725696980953], [0, 0.002960532670840621], [0, 0.0032976774964481592], [0, 0.0028659796807914972], [0, 0.0031424371991306543], [0, 0.002896895632147789], [0, 0.0025899617467075586], [0, 0.002636153483763337], [0, 0.0030663483776152134], [0, 0.003232476767152548], [0, 0.002854184713214636], [0, 0.002946137450635433], [0, 0.0025976570323109627]], "train_loss": [[0, 0.038289809599518776], [1, 0.02856617420911789], [2, 0.01994955074042082], [3, 0.013109488878399134], [4, 0.007992879021912813], [5, 0.006208849838003516], [6, 0.007768875220790505], [7, 0.00799593422561884], [8, 0.007115007610991597], [9, 0.005565332714468241], [10, 0.005231137620285153], [11, 0.0052024489268660545], [12, 0.0053861497435718775], [13, 0.005150525132194161], [14, 0.004617912229150534], [15, 0.004440862685441971], [16, 0.004322628490626812], [17, 0.004488596925511956], [18, 0.004385972395539284], [19, 0.004054173594340682], [20, 0.004227093420922756], [21, 0.004110090667381883], [22, 0.004217789275571704], [23, 0.003939701244235039], [24, 0.004153185756877065], [25, 0.004072615993209183], [26, 0.0037511364789679646], [27, 0.003961334354244173], [28, 0.0036878875689581037], [29, 0.0038889385759830475], [30, 0.0037327276077121496], [31, 0.003582474193535745], [32, 0.003648309619165957], [33, 0.0036408689338713884], [34, 0.003576750517822802], [35, 0.003520170575939119], [36, 0.0035151405027136207], [37, 0.003751985030248761], [38, 0.0035473720636218786], [39, 0.0036180682945996523], [40, 0.003471665666438639], [41, 0.0035465062828734517], [42, 0.003523542545735836], [43, 0.003408753080293536], [44, 0.0033515288960188627], [45, 0.003295939415693283], [46, 0.0032972333719953895], [47, 0.003552214941009879], [48, 0.003113244194537401], [49, 0.0032571315532550216], [50, 0.0033711702562868595], [51, 0.003029791289009154], [52, 0.0033726858673617244], [53, 0.0030746631091460586], [54, 0.003009168431162834], [55, 0.0030952884117141366], [56, 0.0030104409670457244], [57, 0.002878359751775861], [58, 0.00294702872633934], [59, 0.0028873365372419357], [60, 0.00316482235211879], [61, 0.003007974592037499], [62, 0.0028394224354997277], [63, 0.0030051025096327066], [64, 0.0028528081020340323], [65, 0.0029393581207841635], [66, 0.003052985295653343], [67, 0.0030232970602810383], [68, 0.0028135011671110988], [69, 0.0027313167229294777], [70, 0.002870296943001449], [71, 0.002823101240210235], [72, 0.0029484687838703394]], "val_loss": [[0, 0.03092658706009388], [1, 0.02188947983086109], [2, 0.014773451257497072], [3, 0.008941472973674536], [4, 0.006257446948438883], [5, 0.00706557254306972], [6, 0.00808660313487053], [7, 0.0073369096498936415], [8, 0.005936565576121211], [9, 0.0051602262537926435], [10, 0.00514369853772223], [11, 0.005310365464538336], [12, 0.005153160775080323], [13, 0.004766687052324414], [14, 0.004483110038563609], [15, 0.004428866785019636], [16, 0.004453526344150305], [17, 0.0043725206051021814], [18, 0.004228000529110432], [19, 0.004135288065299392], [20, 0.00410388084128499], [21, 0.004078557714819908], [22, 0.004016507649794221], [23, 0.003948790370486677], [24, 0.003907059086486697], [25, 0.003865949925966561], [26, 0.0038371949922293425], [27, 0.003790917107835412], [28, 0.0037714792415499687], [29, 0.0037313821958377957], [30, 0.0036959268618375063], [31, 0.003650610218755901], [32, 0.003606323152780533], [33, 0.0035832623252645135], [34, 0.003553967922925949], [35, 0.003516577649861574], [36, 0.0034905874636024237], [37, 0.00348516961093992], [38, 0.003442174638621509], [39, 0.0034110808046534657], [40, 0.003376553999260068], [41, 0.0033469529589638114], [42, 0.0033032384235411882], [43, 0.00327689154073596], [44, 0.003241259721107781], [45, 0.0032117983791977167], [46, 0.003186588641256094], [47, 0.0031675820937380195], [48, 0.0031450800597667694], [49, 0.0031204870902001858], [50, 0.003100442932918668], [51, 0.003077047993429005], [52, 0.0030673916917294264], [53, 0.0030446102609857917], [54, 0.0030310061993077397], [55, 0.0030047973850741982], [56, 0.0029832242289558053], [57, 0.0029706869972869754], [58, 0.0029494029004126787], [59, 0.002933636773377657], [60, 0.002935950644314289], [61, 0.0029164368752390146], [62, 0.0028935212176293135], [63, 0.0028711362974718213], [64, 0.002857381943613291], [65, 0.0028432373655959964], [66, 0.002831819234415889], [67, 0.0028238632949069142], [68, 0.002819232176989317], [69, 0.002800176851451397], [70, 0.0027881042333319783], [71, 0.0027668533148244023], [72, 0.002760566771030426]]}