{"batch_loss": [[0, 0.04419596120715141], [0, 0.03105638548731804]], "train_loss": [[0, 0.039477139711380005]], "val_loss": [[0, 0.031089510768651962]]}