{"batch_loss": [[0, 0.043058499693870544], [0, 0.03270021080970764]], "train_loss": [[0, 0.03957165591418743]], "val_loss": [[0, 0.03300457075238228]]}