{"batch_loss": [[0, 0.05833595618605614], [0, 0.03163373842835426], [0, 0.025952160358428955], [0, 0.015559784136712551], [0, 0.009225167334079742], [0, 0.0075116753578186035], [0, 0.007175887934863567], [0, 0.0083759231492877], [0, 0.0074661122635006905], [0, 0.006872551515698433], [0, 0.005862575490027666], [0, 0.005560867488384247], [0, 0.005838090553879738], [0, 0.006269649602472782], [0, 0.005779552739113569], [0, 0.005468596238642931], [0, 0.005262498743832111], [0, 0.005223448388278484], [0, 0.004750888794660568], [0, 0.004813932813704014], [0, 0.004661270882934332], [0, 0.00497767049819231], [0, 0.004297239240258932], [0, 0.004650478716939688], [0, 0.0045394813641905785], [0, 0.0047724368050694466], [0, 0.004975594114512205], [0, 0.0045784651301801205], [0, 0.004727763123810291], [0, 0.004459249787032604], [0, 0.004236546345055103], [0, 0.004356813617050648], [0, 0.004033510573208332], [0, 0.0042173657566308975], [0, 0.0043264757841825485], [0, 0.004108377266675234], [0, 0.0042399149388074875], [0, 0.003946117125451565], [0, 0.0035366311203688383], [0, 0.003777898848056793], [0, 0.003935272339731455], [0, 0.0037277897354215384], [0, 0.0036862180568277836], [0, 0.004043346270918846], [0, 0.00399862602353096], [0, 0.0038702930323779583], [0, 0.003924447577446699], [0, 0.003567903768271208], [0, 0.003847233485430479], [0, 0.003541215555742383], [0, 0.0037028964143246412], [0, 0.003339806105941534], [0, 0.003118649125099182], [0, 0.0031878347508609295], [0, 0.003255503484979272], [0, 0.0030590067617595196], [0, 0.0030902549624443054], [0, 0.003885224461555481], [0, 0.0034736343659460545], [0, 0.0031746404711157084], [0, 0.0033094941172748804], [0, 0.002995062852278352], [0, 0.003179872175678611], [0, 0.003594907931983471], [0, 0.0035652783699333668], [0, 0.0028813534881919622], [0, 0.003112779464572668]], "train_loss": [[0, 0.04869497939944267], [1, 0.030613466165959835], [2, 0.02355607319623232], [3, 0.013796914834529161], [4, 0.008855845779180527], [5, 0.00721525214612484], [6, 0.007587637286633253], [7, 0.008374775294214487], [8, 0.007686614524573088], [9, 0.006712813628837466], [10, 0.006053729215636849], [11, 0.006228699581697583], [12, 0.0061847674660384655], [13, 0.00591516587883234], [14, 0.00561700644902885], [15, 0.0052455514669418335], [16, 0.005133539903908968], [17, 0.00513188261538744], [18, 0.005253905663266778], [19, 0.005021910183131695], [20, 0.004901559557765722], [21, 0.00468604639172554], [22, 0.004925719695165753], [23, 0.004695269977673888], [24, 0.004613542230799794], [25, 0.004429336870089173], [26, 0.004271644400432706], [27, 0.004383557941764593], [28, 0.004235397675074637], [29, 0.0042725985404103994], [30, 0.004302609013393521], [31, 0.0041841561906039715], [32, 0.004262489033862948], [33, 0.004115226911380887], [34, 0.004007757059298456], [35, 0.004042195621877909], [36, 0.003930222243070602], [37, 0.004003856331110001], [38, 0.00413348653819412], [39, 0.003966788295656443], [40, 0.003849806496873498], [41, 0.0038918907521292567], [42, 0.0038619949482381344], [43, 0.0036591842072084546], [44, 0.0036326757399365306], [45, 0.0036474320804700255], [46, 0.0035823927028104663], [47, 0.003698182408697903], [48, 0.0035338690504431725], [49, 0.003633041516877711], [50, 0.003520978381857276], [51, 0.0036421213299036026], [52, 0.00370995351113379], [53, 0.003639712929725647], [54, 0.003573687165044248], [55, 0.003630051389336586], [56, 0.003579427022486925], [57, 0.003201246028766036], [58, 0.003346394165419042], [59, 0.003450051532126963], [60, 0.0033567723585292697], [61, 0.003465250483714044], [62, 0.00335230038035661], [63, 0.0031406584894284606], [64, 0.0031234375201165676], [65, 0.003398143104277551], [66, 0.003269635373726487]], "val_loss": [[0, 0.03142284508794546], [1, 0.026111378334462643], [2, 0.01565968431532383], [3, 0.009363757912069559], [4, 0.0074152760207653046], [5, 0.007160943234339356], [6, 0.008460440672934055], [7, 0.007748214760795236], [8, 0.006907173898071051], [9, 0.006022282410413027], [10, 0.005975719541311264], [11, 0.0060617998242378235], [12, 0.006030210759490728], [13, 0.00571204093284905], [14, 0.005316197639331222], [15, 0.0051648474764078856], [16, 0.005129143828526139], [17, 0.005105332238599658], [18, 0.0049556223675608635], [19, 0.004824336152523756], [20, 0.004748065723106265], [21, 0.004715725313872099], [22, 0.004667555680498481], [23, 0.004578552441671491], [24, 0.004514965461567044], [25, 0.004466451238840818], [26, 0.004427681909874082], [27, 0.004366765962913632], [28, 0.004309796961024404], [29, 0.0042598657310009], [30, 0.004214549669995904], [31, 0.004167485516518354], [32, 0.004121172009035945], [33, 0.0040807940531522036], [34, 0.004036072175949812], [35, 0.003997009713202715], [36, 0.003955367370508611], [37, 0.003920300048775971], [38, 0.003879268071614206], [39, 0.003843350918032229], [40, 0.003808927838690579], [41, 0.0037760105915367603], [42, 0.003744195681065321], [43, 0.003710203105583787], [44, 0.003681279020383954], [45, 0.0036520471330732107], [46, 0.003620769362896681], [47, 0.003593488014303148], [48, 0.003569284570403397], [49, 0.0035375506849959493], [50, 0.003511111717671156], [51, 0.0034904706990346313], [52, 0.003459764993749559], [53, 0.0034351905342191458], [54, 0.003412757650949061], [55, 0.0033869585022330284], [56, 0.003366941469721496], [57, 0.0033406465081498027], [58, 0.003321740427054465], [59, 0.0032982092816382647], [60, 0.0032750129466876388], [61, 0.0032533527119085193], [62, 0.0032323270570486784], [63, 0.0032112919725477695], [64, 0.003190254094079137], [65, 0.003173037781380117], [66, 0.003154863603413105]]}